Category,Site,URL,ContactEmail,Status,Priority,AnchorText,TargetURL,Notes
Family Law Blog,Nolo,https://www.nolo.com/legal-encyclopedia/prenuptial-agreements,,Prospect,High,California Prenup Guide,/states/california/prenuptial-agreement,
Family Law Blog,FindLaw,https://www.findlaw.com/family/marriage/prenuptial-agreements.html,,Prospect,High,Prenup Timeline,/blog/prenup-timeline,
Family Law Blog,Justia,https://www.justia.com/family/divorce/prenuptial-agreements/,,Prospect,High,Prenup Cost Guide,/blog/prenup-cost,
Family Law Blog,Avvo,https://www.avvo.com/legal-guides/prenuptial-agreements,,Prospect,Medium,California Prenups,/states/california,
Family Law Blog,LawDepot,https://www.lawdepot.com/prenuptial-agreement/,,Prospect,Medium,Prenup vs Postnup,/blog/prenup-vs-postnup,
Bar Association,California Lawyers Association,https://calawyers.org/family-law/,,Prospect,Medium,California Prenup Guide,/states/california/prenuptial-agreement,
Bar Association,SF Bar Association,https://www.sfbar.org/,,Prospect,Medium,Prenup Resources,/states/california,
Bar Association,LA County Bar,https://www.lacba.org/,,Prospect,Medium,California Prenups,/states/california/prenuptial-agreement,
Legal Resource,Legal Information Institute,https://www.law.cornell.edu/wex/prenuptial_agreement,,Prospect,Medium,Prenup Basics,/blog/prenup-complete-guide,
Legal Resource,HG.org,https://www.hg.org/legal-articles/prenuptial-agreements,,Prospect,Medium,CA Prenups,/states/california,
Wedding,The Knot,https://www.theknot.com/content/prenup,,Prospect,Medium,Prenup Timeline,/blog/prenup-timeline,
Wedding,Brides,https://www.brides.com/prenup-5072587,,Prospect,Medium,Prenup Cost,/blog/prenup-cost,
Wedding,WeddingWire,https://www.weddingwire.com/wedding-ideas/prenuptial-agreement,,Prospect,Medium,Do I Need a Prenup?,/blog/do-i-need-prenup,
Wedding,A Practical Wedding,https://apracticalwedding.com/,,Prospect,Low,Prenup Checklist,/states/california/prenuptial-agreement,
Finance,NerdWallet,https://www.nerdwallet.com/,,Prospect,Low,Prenup Cost Guide,/blog/prenup-cost,
Finance,MoneyGeek,https://www.moneygeek.com/,,Prospect,Low,California Prenups,/states/california,
Finance,The Balance,https://www.thebalancemoney.com/,,Prospect,Low,Prenup Guide,/blog/prenup-complete-guide,
Tech/Legal,TechCrunch (Legal Tech),https://techcrunch.com/,,Prospect,Low,PII Masking for Legal AI,/privacy-policy,
Tech/Legal,LawSites,https://www.lawnext.com/,,Prospect,Medium,AI + Privacy in Legal Docs,/privacy-policy,
Privacy/Security,Electronic Frontier Foundation,https://www.eff.org/,,Prospect,Low,PII Masking Overview,/privacy-policy,
Privacy/Security,IAPP,https://iapp.org/,,Prospect,Medium,PII Masking Legal Tech,/privacy-policy,
Directories,Justia Lawyer Directory,https://lawyers.justia.com/,,Prospect,Low,California Prenups,/states/california,
Directories,Avvo Directory,https://www.avvo.com/all-lawyers/ca,,Prospect,Low,California Prenups,/states/california,
State Resources,CA Courts Self-Help,https://selfhelp.courts.ca.gov/,,Prospect,Low,California Prenup Info,/states/california/prenuptial-agreement,
Family Law Blogs,DivorceNet,https://www.divorcenet.com/,,Prospect,Medium,Prenup Mistakes,/blog/prenup-mistakes,
Family Law Blogs,Martindale,https://www.martindale.com/,,Prospect,Low,Prenup Cost,/blog/prenup-cost,
Bar Association,Orange County Bar,https://www.ocbar.org/,,Prospect,Low,CA Prenups,/states/california,
Bar Association,San Diego County Bar,https://www.sdcba.org/,,Prospect,Low,CA Prenups,/states/california,
Wedding,Green Wedding Shoes,https://greenweddingshoes.com/,,Prospect,Low,Prenup Timeline,/blog/prenup-timeline,
Wedding,Once Wed,https://www.oncewed.com/,,Prospect,Low,Prenup Timeline,/blog/prenup-timeline,
Finance,SoFi Learn,https://www.sofi.com/learn/,,Prospect,Low,Prenup Cost,/blog/prenup-cost,
Finance,Intuit Mint,https://mint.intuit.com/blog/,,Prospect,Low,Prenup Budget,/blog/prenup-cost,
Legal/Info,Upsolve (Legal Guides),https://upsolve.org/learn/,,Prospect,Low,Prenup Basics,/blog/prenup-complete-guide,
Legal/Info,NOLO (CA Family),https://www.nolo.com/legal-encyclopedia/family-law-california,,Prospect,Medium,CA Guide,/states/california/prenuptial-agreement,
Privacy,Mozilla Blog,https://blog.mozilla.org/,,Prospect,Low,PII Masking Approach,/privacy-policy,
Legal Tech,Artificial Lawyer,https://www.artificiallawyer.com/,,Prospect,Low,Legal AI + Privacy,/privacy-policy,
Legal Tech,Law.com (Tech),https://www.law.com/legaltechnews/,,Prospect,Low,Legal Tech Privacy,/privacy-policy,
General,Medium Legal,https://medium.com/tag/legal,,Prospect,Low,CA Prenups,/states/california

